Name,Phone,Email,Source,Date
Erik Morris,+11971050977,garzarichard@yahoo.com,Telegram,2025-05-18
Matthew Hernandez,91748229708,thompsonbrian@hotmail.com,Telegram,2025-05-18
Ronald Keith,91919194952,wadekathryn@gmail.com,Telegram,2025-02-24
Julie Johnson,33570296306,williamsangela@hotmail.com,Telegram,2025-03-29
Denise Brooks, 9234758214,okim@gmail.com,Telegram,2025-04-09
Tamara Williams,7727079300,mary94@harmon-nguyen.com,Telegram,2025-01-08
Rachel Rios,+917859752838,baileywilliam@morgan.com,Telegram,2025-05-19
Monica Williams,72304205965,joshua19@moore.com,Telegram,2025-01-24
Michele Murphy,+11339850077,ymiller@daniels.info,Telegram,2025-04-24
Mrs. Kimberly Kirby,44323273270,jkline@hotmail.com,Telegram,2025-03-01
Eric Barnes Jr.,74821055633,hallsandra@hotmail.com,Telegram,2025-01-28
Harry Nguyen,91779726852,donnabaldwin@ross-summers.biz,Telegram,2025-05-07
Paul Arnold,91820276487,david65@yahoo.com,Telegram,2025-03-09
Sarah Mccall,91871820231,john06@gmail.com,Telegram,2025-04-09
Sara Cisneros,+918134703843,weeksstephanie@gmail.com,Telegram,2025-05-20
Samantha Reyes,84051584171,esanders@johnson.com,Telegram,2025-01-07
Rebecca West,+917245526668,aliciawoods@gmail.com,Telegram,2025-04-12
Rita Johnson, 7315432459,ana62@johnson.com,Telegram,2025-05-20
Catherine Smith,91807813498,isaacrios@lynch-norton.com,Telegram,2025-02-18
Margaret Tran,91853496023,aaron25@dougherty.com,Telegram,2025-03-07
Barbara Harding,34201092863,leslie47@gmail.com,Telegram,2025-03-05
Megan Arnold,+11886124856,georgeroberts@yahoo.com,Telegram,2025-03-31
Julia Adams,10302651457,andrew88@willis-turner.com,Telegram,2025-03-15
Timothy Marsh, 8630498055,juansingh@yahoo.com,Telegram,2025-01-02
Danny Coleman,91776171896,johntorres@reyes-jackson.com,Telegram,2025-05-07
Joseph Poole,9963410427,elawson@yahoo.com,Telegram,2025-05-10
Carolyn Keller,8248490042,maryanderson@gmail.com,Telegram,2025-03-04
Janice Leon,7294763839,monicatorres@atkins-anderson.com,Telegram,2025-02-12
Danielle Craig,+11366241876,nguyenrenee@brennan-price.info,Telegram,2025-04-17
Stuart Martinez,91704871595,brianrodriguez@gmail.com,Telegram,2025-03-13
Thomas Bell,8410194880,stephanie56@smith.org,Telegram,2025-03-14
Tammy Barrett MD,9945820721,woodsnicole@hughes-giles.info,Telegram,2025-03-04
Jodi Navarro,+11829013669,pattersondawn@hotmail.com,Telegram,2025-05-19
Shawn Warren, 9958562326,brownjay@yahoo.com,Telegram,2025-03-13
Arthur Taylor,91706587139,hatfieldmark@hotmail.com,Telegram,2025-03-18
Jillian Sims,+919924646109,carrolljames@massey-brock.net,Telegram,2025-04-23
Nicholas Cardenas,+11425106009,williamtaylor@gmail.com,Telegram,2025-01-14
Lauren Thomas,+919852548057,nalexander@washington-forbes.biz,Telegram,2025-01-11
Steven Ali,15900863482,crystal02@gmail.com,Telegram,2025-04-20
Laura Owens, 7967562612,sheriwilson@williams-adams.biz,Telegram,2025-01-25
Jill Hoover,+11557158703,atkinsonjennifer@yahoo.com,Telegram,2025-04-23
Melissa Sosa, 8672142762,martinkatherine@hotmail.com,Telegram,2025-05-10
Justin Stewart,76025399607,romanemily@yahoo.com,Telegram,2025-04-08
Laura Smith,91786283968,larry71@yahoo.com,Telegram,2025-05-17
Peter Sellers,+917882104637,sjohnson@kelly-robinson.org,Telegram,2025-03-24
Daniel Smith,91911844389,agarcia@myers.com,Telegram,2025-01-11
Nathaniel Cline,+917668114867,jeffrey54@humphrey.com,Telegram,2025-04-04
Brandi Wilson,+11592095302,william19@yahoo.com,Telegram,2025-02-15
Samantha Harris,+919129677807,thomasroach@ayala.info,Telegram,2025-03-14
Caroline Carter,91724145861,riley48@yahoo.com,Telegram,2025-03-23
Stephen Reynolds, 9557113691,melindadavis@gmail.com,Telegram,2025-04-07
Jordan Manning,+917435955727,eric64@graham.org,Telegram,2025-03-20
Erica Lee,83564867754,rachelgriffin@gmail.com,Telegram,2025-02-14
Dennis Richard,77946947834,alexanderchristina@rodriguez-bush.com,Telegram,2025-04-14
Jo Lucas,8233576535,uporter@white-ryan.com,Telegram,2025-03-18
Lucas Palmer,+11694990544,bbrown@johnson.net,Telegram,2025-02-12
Fred Riddle,+919617964199,lopezalexander@gmail.com,Telegram,2025-01-27
Jeffrey Davenport,91831616828,kimberlybray@sparks.net,Telegram,2025-01-14
Joseph Harper DDS,91826121786,angela36@gmail.com,Telegram,2025-04-27
Dr. Mary Hunter,38541141440,nrose@fisher.com,Telegram,2025-04-01
Carmen Vance, 7950885553,john27@yahoo.com,Telegram,2025-04-08
David Evans,91865688638,thenderson@gmail.com,Telegram,2025-01-05
Nancy Fowler,32745471411,garyadams@smith.com,Telegram,2025-05-20
Jasmine Ballard,+11226235942,austin68@dickerson.com,Telegram,2025-02-19
Karen Lowery,+919596029900,dominguezmatthew@gmail.com,Telegram,2025-04-25
Lisa Huynh,+11537715067,jcox@hotmail.com,Telegram,2025-03-05
James Thomas,+919342559912,lisashaffer@watson-rosales.info,Telegram,2025-05-15
Jeffrey Erickson, 8598252772,virginia49@gmail.com,Telegram,2025-04-21
Michael Smith,74780908159,robertallen@yahoo.com,Telegram,2025-05-15
Shelia Vasquez,+919919453438,dennisnicholas@hotmail.com,Telegram,2025-01-21
Kyle Garcia,91950826509,schmidtlori@skinner-sanchez.com,Telegram,2025-02-21
Shawn Vazquez,7884003407,leonarderin@yahoo.com,Telegram,2025-05-07
Shari Jackson,8421405727,cbowman@patterson.net,Telegram,2025-02-17
Kenneth Kennedy,34941454460,mholland@lee.biz,Telegram,2025-03-10
Brian Buck,+919809251264,aaron55@jackson-williams.com,Telegram,2025-02-02
Jill Edwards,8787234113,sherry02@gmail.com,Telegram,2025-01-26
Amanda Armstrong, 8277511624,jasonmyers@yahoo.com,Telegram,2025-04-03
Michelle Zimmerman,8527313739,david46@barber.biz,Telegram,2025-03-11
Eileen Delacruz,+11627392111,katiemitchell@gonzalez-martinez.biz,Telegram,2025-02-09
Jeffery Gonzales,+919806260332,carrillodebbie@sawyer.com,Telegram,2025-01-13
Jesse Fritz,91804825000,hughesjacob@brown.com,Telegram,2025-04-03
Jordan Atkins,91804349214,isoto@salazar-moore.com,Telegram,2025-02-24
Julie Johnson, 9533917691,crystal03@hotmail.com,Telegram,2025-01-12
David Harris,36353336415,taylorscott@gmail.com,Telegram,2025-01-27
Mr. Norman Key,91738030215,derekwilliams@hotmail.com,Telegram,2025-04-07
Lauren Williams,91751087650,rebecca34@pittman-evans.biz,Telegram,2025-01-22
Kelly Johnson,7660760975,kendra61@hotmail.com,Telegram,2025-01-06
Katherine Serrano,+918792025736,ppayne@gmail.com,Telegram,2025-01-11
Samuel Lopez,69102506522,qbutler@yahoo.com,Telegram,2025-04-14
Jessica Smith,7347287064,arnoldshannon@hotmail.com,Telegram,2025-05-20
Gerald Rowland,8589560563,henrystephanie@gmail.com,Telegram,2025-04-21
Joseph Newton,91805073763,melissafletcher@anderson-conner.com,Telegram,2025-04-20
Robert Vega,+918239304181,gbarker@yahoo.com,Telegram,2025-04-18
Denise Carey,91760084056,courtney64@snyder.com,Telegram,2025-01-15
Tracy Grimes,99921432116,candicemoody@yahoo.com,Telegram,2025-02-01
Joshua Anderson,+917058520778,crawfordjessica@blevins.com,Telegram,2025-04-20
Shelby Orozco,8535134577,mark17@barry.com,Telegram,2025-05-06
Steven Evans,+11580608831,christopher33@yahoo.com,Telegram,2025-03-30
Erica Moore,59211542798,leehenry@yahoo.com,Telegram,2025-04-22
John Sanchez, 8893590578,mlopez@yahoo.com,Telegram,2025-03-07
